{
  "condition": "minecraft:any_of",
  "terms": [
    {
      "condition": "minecraft:entity_properties",
      "entity": "this",
      "predicate": {
        "equipment": {
          "mainhand": {
            "predicates": {
              "minecraft:enchantments": [
                {
                  "enchantments": "deeper_dark:shrieker_sense"
                }
              ]
            }
          }
        }
      }
    },
    {
      "condition": "minecraft:entity_properties",
      "entity": "this",
      "predicate": {
        "equipment": {
          "offhand": {
            "predicates": {
              "minecraft:enchantments": [
                {
                  "enchantments": "deeper_dark:shrieker_sense"
                }
              ]
            }
          }
        }
      }
    }
  ]
}
