{
  "condition": "minecraft:all_of",
  "terms": [
    {
      "condition": "minecraft:any_of",
      "terms": [
        {
          "condition": "minecraft:entity_properties",
          "entity": "this",
          "predicate": {
            "nbt": "{LeftHanded:1b}"
          }
        },
        {
          "condition": "minecraft:entity_properties",
          "entity": "this",
          "predicate": {
            "nbt": "{LeftHanded:0b}"
          }
        },
        {
          "condition": "minecraft:entity_properties",
          "entity": "this",
          "predicate": {
            "type": "minecraft:player"
          }
        }
      ]
    },
    {
      "condition": "minecraft:inverted",
      "term": {
        "condition": "minecraft:entity_properties",
        "entity": "this",
        "predicate": {
          "type_specific": {
            "type": "minecraft:player",
            "gamemode": [
              "spectator"
            ]
          }
        }
      }
    }
  ]
}