{
  "feature": {
    "type": "minecraft:block_pile",
    "config": {
      "state_provider": {
        "type": "minecraft:weighted_state_provider",
        "entries": [
          {
            "weight": 1,
            "data": {
              "Name": "minecraft:deepslate_diamond_ore"
            }
          },
          {
            "weight": 10,
            "data": {
              "Name": "minecraft:bone_block",
              "Properties": {
                "axis": "x"
              }
            }
          },
          {
            "weight": 10,
            "data": {
              "Name": "minecraft:bone_block",
              "Properties": {
                "axis": "y"
              }
            }
          },
          {
            "weight": 10,
            "data": {
              "Name": "minecraft:bone_block",
              "Properties": {
                "axis": "z"
              }
            }
          }
        ]
      }
    }
  },
  "placement": [
    {
      "type": "minecraft:count",
      "count": 10
    },
    {
      "type": "minecraft:in_square"
    },
    {
      "type": "minecraft:height_range",
      "height": {
        "type": "minecraft:uniform",
        "min_inclusive": {
          "above_bottom": 0
        },
        "max_inclusive": {
          "below_top": 16
        }
      }
    },
    {
      "type": "minecraft:biome"
    }
  ]
}