{
  "feature": {
    "type": "minecraft:random_patch",
    "config": {
      "tries": 64,
      "xz_spread": 6,
      "y_spread": 6,
      "feature": {
        "feature": {
          "config": {
            "direction": "down",
            "allowed_placement": {
              "type": "minecraft:replaceable"
            },
            "prioritize_tip": false,
            "layers": [
              {
                "height": {
                  "type": "minecraft:uniform",
                  "min_inclusive": 2,
                  "max_inclusive": 7
                },
                "provider": {
                  "type": "minecraft:simple_state_provider",
                  "state": {
                    "Name": "minecraft:bone_block"
                  }
                }
              }
            ]
          },
          "type": "minecraft:block_column"
        },
        "placement": [
          {
            "type": "minecraft:block_predicate_filter",
            "predicate": {
              "type": "minecraft:matching_blocks",
              "offset": [
                0,
                0,
                0
              ],
              "blocks": [
                "minecraft:sculk",
                "minecraft:bone_block"
              ]
            }
          },
          {
            "type": "minecraft:block_predicate_filter",
            "predicate": {
              "type": "minecraft:matching_blocks",
              "offset": [
                0,
                -1,
                0
              ],
              "blocks": "#minecraft:replaceable"
            }
          }
        ]
      }
    }
  },
  "placement": [
    {
      "type": "minecraft:count",
      "count": 5
    },
    {
      "type": "minecraft:in_square"
    },
    {
      "type": "minecraft:height_range",
      "height": {
        "type": "minecraft:uniform",
        "min_inclusive": {
          "above_bottom": 0
        },
        "max_inclusive": {
          "below_top": 0
        }
      }
    },
    {
      "type": "minecraft:biome"
    }
  ]
}