{
  "feature": {
    "type": "minecraft:vegetation_patch",
    "config": {
      "surface": "ceiling",
      "depth": {
        "type": "minecraft:uniform",
      
          "min_inclusive": 1,
          "max_inclusive": 2
        
      },
      "vertical_range": 5,
      "extra_bottom_block_chance": 0,
      "extra_edge_column_chance": 0.3,
      "vegetation_chance": 0.01,
      "xz_radius": {
        "type": "minecraft:uniform",
        
          "min_inclusive": 4,
          "max_inclusive": 7
        
      },
      "replaceable": "#minecraft:moss_replaceable",
      "ground_state": {
        "type": "minecraft:simple_state_provider",
        "state": {
          "Name": "minecraft:moss_block"
        }
      },
      "vegetation_feature": {
        "feature": {
          "type": "minecraft:block_column",
          "config": {
            "direction": "down",
            "allowed_placement": {
              "type": "minecraft:matching_blocks",
              "blocks": "minecraft:air"
            },
            "prioritize_tip": true,
            "layers": [
              {
                "height": {
                  "type": "minecraft:weighted_list",
                  "distribution": [
                    {
                      "weight": 1,
                      "data": {
                        "type": "minecraft:biased_to_bottom",
                       
                          "min_inclusive": 0,
                          "max_inclusive": 20
                        
                      }
                    }
                  ]
                },
                "provider": {
                  "type": "minecraft:weighted_state_provider",
                  "entries": [
                    {
                      "weight": 4,
                      "data": {
                        "Name": "minecraft:cave_vines_plant",
                        "Properties": {
                          "berries": "false"
                        }
                      }
                    },
                    {
                      "weight": 1,
                      "data": {
                        "Name": "minecraft:cave_vines_plant",
                        "Properties": {
                          "berries": "true"
                        }
                      }
                    }
                  ]
                }
              },
              {
                "height": 1,
                "provider": {
                  "type": "minecraft:randomized_int_state_provider",
                  "property": "age",
                  "values": {
                    "type": "minecraft:uniform",
                    
                      "min_inclusive": 23,
                      "max_inclusive": 25
                    
                  },
                  "source": {
                    "type": "minecraft:weighted_state_provider",
                    "entries": [
                      {
                        "weight": 4,
                        "data": {
                          "Name": "minecraft:cave_vines",
                          "Properties": {
                            "age": "0",
                            "berries": "false"
                          }
                        }
                      },
                      {
                        "weight": 1,
                        "data": {
                          "Name": "minecraft:cave_vines",
                          "Properties": {
                            "age": "0",
                            "berries": "true"
                          }
                        }
                      }
                    ]
                  }
                }
              }
            ]
          }
        },
        "placement": []
      }
    }
  },
  "placement": [
    {
      "type": "minecraft:count",
      "count": 128
    },
    {
      "type": "minecraft:in_square"
    },
    {
      "type": "minecraft:height_range",
      "height": {
        "type": "minecraft:uniform",
        "min_inclusive": {
          "absolute": 0
        },
        "max_inclusive": {
          "absolute": 64
        }
      }
    },
    {
      "type": "minecraft:environment_scan",
      "direction_of_search": "up",
      "max_steps": 12,
      "target_condition": {
        "type": "minecraft:solid"
      },
      "allowed_search_condition": {
        "type": "minecraft:matching_blocks",
        "blocks": "minecraft:air"
      }
    },
    {
      "type": "minecraft:random_offset",
      "xz_spread": 0,
      "y_spread": -1
    },
    {
      "type": "minecraft:biome"
    }
  ]
}
