{
  "feature": {
    "type": "minecraft:random_selector",
    "config": {
      "features": [
        {
          "chance": 0.5,
          "feature": {
            "feature": "minecraft:azalea_tree",
            "placement": [
              {
                "type": "minecraft:block_predicate_filter",
                "predicate": {
                  "type": "minecraft:matching_blocks",
                  "offset": [
                    0,
                    -1,
                    0
                  ],
                  "blocks": "minecraft:moss_block"
                }
              }
            ]
          }
        }
      ],
      "default": {
        "feature": "minecraft:dark_oak_leaf_litter",
        "placement": []
      }
    }
  },
  "placement": [
    {
      "type": "minecraft:count",
      "count": 16
    },
    {
      "type": "minecraft:in_square"
    },
    {
      "type": "minecraft:height_range",
      "height": {
        "type": "minecraft:uniform",
        "min_inclusive": {
          "absolute": 0
        },
        "max_inclusive": {
          "below_top": 0
        }
      }
    },
    {
      "type": "minecraft:environment_scan",
      "direction_of_search": "down",
      "max_steps": 32,
      "target_condition": {
        "type": "minecraft:all_of",
        "predicates": [
          {
            "type": "minecraft:replaceable"
          },
          {
            "type": "minecraft:matching_blocks",
            "offset": [
              0,
              -1,
              0
            ],
            "blocks": [
              "minecraft:grass_block",
              "minecraft:moss_block"
            ]
          }
        ]
      },
      "allowed_search_condition": {
        "type": "minecraft:not",
        "predicate": {
          "type": "minecraft:matching_block_tag",
          "tag": "minecraft:leaves"
        }
      }
    },
    {
      "type": "minecraft:block_predicate_filter",
      "predicate": {
        "type": "minecraft:matching_blocks",
        "blocks": "air"
      }
    },
    {
      "type": "minecraft:biome"
    }
  ]
}