{
  "feature": {
    "type": "minecraft:vegetation_patch",
    "config": {
      "surface": "floor",
      "depth": 1,
      "vertical_range": 5,
      "extra_bottom_block_chance": 0,
      "extra_edge_column_chance": 0.3,
      "vegetation_chance": 0.8,
      "xz_radius": {
        "type": "minecraft:uniform",
        "min_inclusive": 4,
        "max_inclusive": 7
      },
      "replaceable": "#minecraft:moss_replaceable",
      "ground_state": {
        "type": "minecraft:simple_state_provider",
        "state": {
          "Name": "minecraft:moss_block"
        }
      },
      "vegetation_feature": {
        "feature": {
          "type": "minecraft:simple_block",
          "config": {
            "to_place": {
              "type": "minecraft:weighted_state_provider",
              "entries": [
                {
                  "weight": 1,
                  "data": {
                    "Name": "minecraft:flowering_azalea"
                  }
                },
                {
                  "weight": 1,
                  "data": {
                    "Name": "minecraft:azalea"
                  }
                },
                {
                  "weight": 25,
                  "data": {
                    "Name": "minecraft:moss_carpet"
                  }
                },
                {
                  "weight": 50,
                  "data": {
                    "Name": "minecraft:short_grass"
                  }
                },
                {
                  "weight": 10,
                  "data": {
                    "Name": "minecraft:tall_grass",
                    "Properties": {
                      "half": "lower"
                    }
                  }
                }
              ]
            }
          }
        },
        "placement": [
          {
            "type": "minecraft:block_predicate_filter",
            "predicate": {
              "type": "minecraft:matching_blocks",
              "blocks": "minecraft:air"
            }
          },
          {
            "type": "minecraft:block_predicate_filter",
            "predicate": {
              "type": "minecraft:matching_block_tag",
              "offset": [
                0,
                -1,
                0
              ],
              "tag": "minecraft:dirt"
            }
          }
        ]
      }
    }
  },
  "placement": [
    {
      "type": "minecraft:count",
      "count": 128
    },
    {
      "type": "minecraft:in_square"
    },
    {
      "type": "minecraft:height_range",
      "height": {
        "type": "minecraft:uniform",
        "min_inclusive": {
          "above_bottom": 0
        },
        "max_inclusive": {
          "absolute": 256
        }
      }
    },
    {
      "type": "minecraft:environment_scan",
      "direction_of_search": "down",
      "max_steps": 12,
      "target_condition": {
        "type": "minecraft:solid"
      },
      "allowed_search_condition": {
        "type": "minecraft:matching_blocks",
        "blocks": "minecraft:air"
      }
    },
    {
      "type": "minecraft:random_offset",
      "xz_spread": 0,
      "y_spread": 0
    },
    {
      "type": "minecraft:biome"
    }
  ]
}