{
  "feature": {
    "type": "minecraft:spring_feature",
    "config": {
      "state": {
        "Name": "minecraft:lava",
        "Properties": {
          "level": "0"
        }
      },
      "rock_count": 4,
      "hole_count": 1,
      "requires_block_below": false,
      "valid_blocks": [
        "minecraft:deepslate",
        "tuff",
        "minecraft:magma_block"
      ]
    }
  },
  "placement": [
    {
      "type": "minecraft:count",
      "count": 256
    },
    {
      "type": "minecraft:in_square"
    },
    {
      "type": "minecraft:height_range",
      "height": {
        "type": "minecraft:uniform",
        "min_inclusive": {
          "above_bottom": 10
        },
        "max_inclusive": {
          "below_top": 10
        }
      }
    },
    {
      "type": "minecraft:biome"
    }
  ]
}