{
  "feature": {
    "type": "minecraft:disk",
    "config": {
      "half_height": 4,
      "radius": {
        "type": "minecraft:uniform",
        "max_inclusive": 6,
        "min_inclusive": 2
      },
      "state_provider": {
        "fallback": {
          "type": "minecraft:simple_state_provider",
          "state": {
            "Name": "minecraft:sculk"
          }
        },
        "rules": [
          {
            "if_true": {
              "type": "minecraft:matching_blocks",
              "offset": [
                0,
                1,
                0
              ],
              "blocks": [
                "air",
                "lava"
              ]
            },
            "then": {
              "type": "minecraft:simple_state_provider",
              "state": {
                "Name": "minecraft:soul_sand"
              }
            }
          }
        ]
      },
      "target": {
        "type": "minecraft:matching_blocks",
        "blocks": "minecraft:sculk"
      }
    }
  },
  "placement": [
    {
      "type": "minecraft:count",
      "count": 16
    },
    {
      "type": "minecraft:height_range",
      "height": {
        "type": "minecraft:constant",
        "value": {
          "absolute": -53
        }
      }
    },
    {
      "type": "minecraft:in_square"
    },
    {
      "type": "minecraft:block_predicate_filter",
      "predicate": {
        "type": "minecraft:matching_fluids",
        "fluids": "minecraft:lava"
      }
    },
    {
      "type": "minecraft:biome"
    }
  ]
}