{
  "feature": {
    "type": "minecraft:block_column",
    "config": {
      "direction": "down",
      "allowed_placement": {
        "type": "minecraft:any_of",
        "predicates": [
          {
            "type": "minecraft:matching_block_tag",
            "offset": [
              0,
              -5,
              0
            ],
            "tag": "minecraft:replaceable"
          },
          {
            "type": "minecraft:matching_blocks",
            "offset": [
              0,
              0,
              0
            ],
            "blocks": [
              "dark_oak_leaves"
            ]
          }
        ]
      },
      "prioritize_tip": false,
      "layers": [
        {
          "height": {
            "type": "minecraft:uniform",
            "min_inclusive": 16,
            "max_inclusive": 31
          },
          "provider": {
            "type": "minecraft:simple_state_provider",
            "state": {
              "Name": "minecraft:dark_oak_log"
            }
          }
        },
        {
          "height": {
            "type": "minecraft:constant",
            "value": 1
          },
          "provider": {
            "type": "minecraft:simple_state_provider",
            "state": {
              "Name": "dark_oak_leaves",
              "Properties": {
                "distance": "1"
              }
            }
          }
        }
      ]
    }
  },
  "placement": [
    {
      "type": "minecraft:count",
      "count": 1
    },
    {
      "type": "minecraft:random_offset",
      "xz_spread": 7,
      "y_spread": 0
    },
    {
      "type": "minecraft:height_range",
      "height": {
        "absolute": 10
      }
    },
    {
      "type": "minecraft:environment_scan",
      "direction_of_search": "up",
      "max_steps": 32,
      "target_condition": {
        "type": "minecraft:all_of",
        "predicates": [
          {
            "type": "minecraft:any_of",
            "predicates": [
              {
                "type": "minecraft:matching_blocks",
                "blocks": "dark_oak_leaves"
              },
              {
                "type": "minecraft:replaceable"
              }
            ]
          },
          {
            "type": "minecraft:would_survive",
            "state": {
              "Name": "minecraft:vine",
              "Properties": {
                "up": "true",
                "west": "false",
                "south": "false",
                "north": "false",
                "east": "false"
              }
            }
          }
        ]
      },
      "allowed_search_condition": {
        "type": "minecraft:true"
      }
    },
    {
      "type": "minecraft:biome"
    }
  ]
}