{
  "display": {
    "icon": {
      "id": "sculk",
      "components": {
        "minecraft:enchantment_glint_override": true
      }
    },
    "title": {
    "translate": "advancement.deeper_dark.ancient_dark.title",
    "fallback": "Deepest Dark"
},
    "description": {
    "translate": "advancement.deeper_dark.ancient_dark.desc",
    "fallback": "Dig Into the Ancient Dark, The Home Biome of the Sculk"
},
    "frame": "task",
    "show_toast": true,
    "announce_to_chat": true
  },
  "parent": "deeper_dark:laboratory_compass",
  "criteria": {
    "a": {
      "trigger": "minecraft:location",
      "conditions": {
        "player": {
          "location": {
            "biomes": "deeper_dark:ancient_dark"
          }
        }
      }
    }
  }
}