{
  "display": {
    "icon": {
      "id": "minecraft:deepslate_bricks"
    },
    "title": {
    "translate": "advancement.deeper_dark.fortress.title",
    "fallback": "Guarded Secrets"
},
    "description": {
    "translate": "advancement.deeper_dark.fortress.desc",
    "fallback": "Enter An Ancient Fortress"
},
    "frame": "task",
    "show_toast": true,
    "announce_to_chat": true,
    "hidden": false
  },
  "parent": "deeper_dark:underground_map",
  "criteria": {
    "in_dim": {
      "trigger": "minecraft:location",
      "conditions": {
        "player": [
          {
            "condition": "minecraft:entity_properties",
            "entity": "this",
            "predicate": {
              "location": {
                "structures": "deeper_dark:ancient_fortress",
                "dimension": "deeper_dark:deeper_dark"
              }
            }
          }
        ]
      }
    }
  },
  "requirements": [
    [
      "in_dim"
    ]
  ]
}
