{
  "display": {
    "icon": {
      "id": "minecraft:sculk_catalyst"
    },
    "title": {
    "translate": "advancement.deeper_dark.kill_shockwave.title",
    "fallback": "Sound Breaker"
},
    "description": {
    "translate": "advancement.deeper_dark.kill_shockwave.desc",
    "fallback": "Kill a Shockwave"
},
    "frame": "challenge",
    "show_toast": true,
    "announce_to_chat": true,
    "hidden": false
  },
  "parent": "deeper_dark:amethyst_mineshaft",
  "criteria": {
    "kill_shockwave": {
      "trigger": "minecraft:player_killed_entity",
      "conditions": {
        "entity": [
          {
            "condition": "minecraft:entity_properties",
            "entity": "this",
            "predicate": {
              "type": "minecraft:pig",
              "nbt": "{Tags:[\"deeper_dark.shockwave\"]}"
            }
          }
        ]
      }
    }
  },
  "requirements": [
    [
      "kill_shockwave"
    ]
  ],
  "rewards": {
    "experience": 20
  }
}
