{
  "display": {
    "icon": {
      "id": "minecraft:compass",
      "components": {
        "minecraft:enchantment_glint_override": true
      }
    },
    "title": {
    "translate": "advancement.deeper_dark.laboratory_compass.title",
    "fallback": "The Last Place You Look"
},
    "description": {
    "translate": "advancement.deeper_dark.laboratory_compass.desc",
    "fallback": "Find a Laboratory Locator Compass Hidden on The Lower Levels of An Amethyst Mineshaft"
},
    "frame": "task",
    "show_toast": true,
    "announce_to_chat": true,
    "hidden": false
  },
  "parent": "deeper_dark:amethyst_mineshaft",
  "criteria": {
    "criteria": {
      "trigger": "minecraft:impossible"
    }
  },
  "requirements": [
    [
      "criteria"
    ]
  ]
}