{
  "display": {
    "icon": {
      "id": "minecraft:brewing_stand"
    },
    "title": {
    "translate": "advancement.deeper_dark.laboratory.title",
    "fallback": "A Great Day For Science"
},
    "description": {
    "translate": "advancement.deeper_dark.laboratory.desc",
    "fallback": "Locate a Laboratory"
},
    "frame": "goal",
    "show_toast": true,
    "announce_to_chat": true,
    "hidden": false
  },
  "parent": "deeper_dark:ancient_dark",
  "criteria": {
    "in_dim": {
      "trigger": "minecraft:location",
      "conditions": {
        "player": [
          {
            "condition": "minecraft:entity_properties",
            "entity": "this",
            "predicate": {
              "location": {
                "structures": "deeper_dark:laboratory",
                "dimension": "deeper_dark:deeper_dark"
              }
            }
          }
        ]
      }
    }
  },
  "requirements": [
    [
      "in_dim"
    ]
  ]
}
