{
  "display": {
    "icon": {
      "id": "minecraft:sculk_shrieker"
    },
    "title": {
    "translate": "advancement.deeper_dark.locked_out.title",
    "fallback": "Locked Out"
},
    "description": {
    "translate": "advancement.deeper_dark.locked_out.desc",
    "fallback": "Have a Warden Prevent You From Escaping With an Echo Shard"
},
    "frame": "task",
    "show_toast": true,
    "announce_to_chat": true,
    "hidden": false
  },
  "parent": "deeper_dark:way_out",
  "criteria": {
    "criteria": {
      "trigger": "minecraft:impossible",
      "conditions": {}
    }
  }
}
