{
  "display": {
    "icon": {
      "id": "minecraft:spyglass",
      "components": {
        "minecraft:enchantment_glint_override": true
      }
    },
    "title": {
    "translate": "advancement.deeper_dark.shrieker_sense.title",
    "fallback": "Target Locked"
},
    "description": {
    "translate": "advancement.deeper_dark.shrieker_sense.desc",
    "fallback": "Highlight a Sculk Shrieker with a Shrieker Sense Enchanted Spyglass"
},
    "frame": "task",
    "show_toast": true,
    "announce_to_chat": true,
    "hidden": false
  },
  "parent": "deeper_dark:converter",
  "criteria": {
    "criteria": {
      "trigger": "minecraft:impossible",
      "conditions": {}
    }
  }
}
