{
  "display": {
    "icon": {
      "id": "minecraft:sculk_sensor"
    },
    "title": {
    "translate": "advancement.deeper_dark.trap.title",
    "fallback": "It's a Trap!"
},
    "description": {
    "translate": "advancement.deeper_dark.trap.desc",
    "fallback": "Open a Sculk Trap"
},
    "frame": "task",
    "show_toast": true,
    "announce_to_chat": true,
    "hidden": false
  },
  "parent": "deeper_dark:root",
  "criteria": {
    "open": {
      "trigger": "minecraft:player_generates_container_loot",
      "conditions": {
        "player": [
          {
            "condition": "minecraft:entity_properties",
            "entity": "this",
            "predicate": {
              "location": {
                "dimension": "deeper_dark:deeper_dark"
              }
            }
          }
        ],
        "loot_table": "deeper_dark:sculk_trap"
      }
    }
  },
  "requirements": [
    [
      "open"
    ]
  ]
}
