{
  "display": {
    "icon": {
      "id": "minecraft:bedrock"
    },
    "title": {
    "translate": "advancement.deeper_dark.void.title",
    "fallback": "Out of Bounds"
},
    "description": {
    "translate": "advancement.deeper_dark.void.desc",
    "fallback": "How Did You Get Up There?"
},
    "frame": "task",
    "show_toast": true,
    "announce_to_chat": true,
    "hidden": false
  },
  "parent": "deeper_dark:spelunker",
  "criteria": {
    "criteria": {
      "trigger": "minecraft:impossible"
    }
  },
  "requirements": [
    [
      "criteria"
    ]
  ]
}
