{
  "display": {
    "icon": {
      "id": "minecraft:echo_shard",
      "components": {
        "minecraft:enchantment_glint_override": true
      }
    },
    "title": {
    "translate": "advancement.deeper_dark.way_out.title",
    "fallback": "The Way Out"
},
    "description": {
    "translate": "advancement.deeper_dark.way_out.desc",
    "fallback": "Escape the Deeper Dark the Same Way you Came In"
},
    "frame": "goal",
    "show_toast": true,
    "announce_to_chat": true,
    "hidden": false
  },
  "parent": "deeper_dark:root",
  "criteria": {
    "criteria": {
      "trigger": "minecraft:impossible"
    }
  }
}
