{"type":"minecraft:command","pools":[{"rolls":1,"entries":[{"type":"minecraft:item","name":

"minecraft:music_disc_5",

  "functions":[{"function":"minecraft:set_components",

"components":{
  "minecraft:custom_name": {"translate":"item.deeper_dark.altar_fragment","fallback":"Conversion Altar Fragment","italic":false},
  "minecraft:item_name": {"translate":"item.deeper_dark.altar_fragment","fallback":"Conversion Altar Fragment"},
  "minecraft:item_model": "minecraft:disc_fragment_5",
  "!minecraft:jukebox_playable": {},
  "max_stack_size": 64,
  "minecraft:enchantment_glint_override": true,
  "minecraft:rarity":"rare",
  "minecraft:lore": [
    {"translate":"item.deeper_dark.altar_fragment.hint","fallback":"Drop on a Sculk Catalyst","italic":false}
  ],
  "minecraft:custom_data": {
    "deeper_dark_altar_fragment": 1
  }
}

}]}]}]}
