{
  "type": "minecraft:simple_random_selector",
  "config": {
    "features": [
      {
        "feature": {
          "type": "minecraft:simple_block",
          "config": {
            "to_place": {
              "type": "minecraft:simple_state_provider",
              "state": {
                "Name": "minecraft:calibrated_sculk_sensor",
                "Properties": {
                  "facing": "north"
                }
              }
            }
          }
        },
        "placement": []
      },
      {
        "feature": {
          "type": "minecraft:simple_block",
          "config": {
            "to_place": {
              "type": "minecraft:simple_state_provider",
              "state": {
                "Name": "minecraft:calibrated_sculk_sensor",
                "Properties": {
                  "facing": "south"
                }
              }
            }
          }
        },
        "placement": []
      },
      {
        "feature": {
          "type": "minecraft:simple_block",
          "config": {
            "to_place": {
              "type": "minecraft:simple_state_provider",
              "state": {
                "Name": "minecraft:calibrated_sculk_sensor",
                "Properties": {
                  "facing": "west"
                }
              }
            }
          }
        },
        "placement": []
      },
      {
        "feature": {
          "type": "minecraft:simple_block",
          "config": {
            "to_place": {
              "type": "minecraft:simple_state_provider",
              "state": {
                "Name": "minecraft:calibrated_sculk_sensor",
                "Properties": {
                  "facing": "east"
                }
              }
            }
          }
        },
        "placement": []
      }
    ]
  }
}