{
  "type": "minecraft:geode",
  "config": {
    "blocks": {
      "alternate_inner_layer_provider": {
        "type": "minecraft:simple_state_provider",
        "state": {
          "Name": "minecraft:obsidian"
        }
      },
      "cannot_replace": "#minecraft:features_cannot_replace",
      "filling_provider": {
        "type": "minecraft:simple_state_provider",
        "state": {
          "Name": "minecraft:obsidian"
        }
      },
      "inner_layer_provider": {
        "type": "minecraft:simple_state_provider",
        "state": {
          "Name": "minecraft:obsidian"
        }
      },
      "inner_placements": [
        {
          "Name": "air"
        }
      ],
      "invalid_blocks": "#minecraft:features_cannot_replace",
      "middle_layer_provider": {
        "type": "minecraft:simple_state_provider",
        "state": {
          "Name": "minecraft:obsidian"
        }
      },
      "outer_layer_provider": {
        "type": "minecraft:simple_state_provider",
        "state": {
          "Name": "obsidian"
        }
      }
    },
    "crack": {
      "base_crack_size": 0,
      "crack_point_offset": 0,
      "generate_crack_chance": 0
    },
    "distribution_points": 3,
    "invalid_blocks_threshold": 100,
    "layers": {
      "filling": 1.7,
      "inner_layer": 2.2,
      "middle_layer": 3.2,
      "outer_layer": 10
    },
    "max_gen_offset": 16,
    "min_gen_offset": -16,
    "noise_multiplier": 0,
    "outer_wall_distance": 4,
    "point_offset": 1,
    "use_alternate_layer0_chance": 0,
    "use_potential_placements_chance": 0
  }
}