[
  {
    "function": "minecraft:set_components",
    "components": {
      "minecraft:enchantments": {}
    }
  },
  {
    "function": "minecraft:enchant_with_levels",
    "levels": {
      "min": {
        "type": "minecraft:score",
        "target": "this",
        "score": "deeper_dark.sculk_converter.flames",
        "scale": 3
      },
      "max": {
        "type": "minecraft:score",
        "target": "this",
        "score": "deeper_dark.sculk_converter.flames",
        "scale": 5
      }
    },
    "options": "#deeper_dark:enchantment_addition",
    "conditions": [
      {
        "condition": "minecraft:entity_scores",
        "entity": "this",
        "scores": {
          "deeper_dark.sculk_converter.flames": {
            "min": 0,
            "max": 7
          }
        }
      },
      {
        "condition": "minecraft:inverted",
        "term": {
          "condition": "minecraft:entity_properties",
          "entity": "this",
          "predicate": {
            "nbt": "{data:{Item:{id:\"minecraft:enchanted_book\"}}}"
          }
        }
      }
    ]
  },
  {
    "function": "minecraft:enchant_with_levels",
    "levels": {
      "min": {
        "type": "minecraft:score",
        "target": "this",
        "score": "deeper_dark.sculk_converter.flames",
        "scale": 3
      },
      "max": {
        "type": "minecraft:score",
        "target": "this",
        "score": "deeper_dark.sculk_converter.flames",
        "scale": 8
      }
    },
    "options": "#deeper_dark:enchantment_addition",
    "conditions": [
      {
        "condition": "minecraft:entity_scores",
        "entity": "this",
        "scores": {
          "deeper_dark.sculk_converter.flames": {
            "min": 8
          }
        }
      },
      {
        "condition": "minecraft:inverted",
        "term": {
          "condition": "minecraft:entity_properties",
          "entity": "this",
          "predicate": {
            "nbt": "{data:{Item:{id:\"minecraft:enchanted_book\"}}}"
          }
        }
      }
    ]
  },
  {
    "function": "minecraft:filtered",
    "item_filter": {
      "predicates": {
        "minecraft:enchantments": [
          {
            "enchantments": "#minecraft:curse"
          }
        ]
      }
    },
    "modifier": {
      "function": "minecraft:set_components",
      "components": {
        "minecraft:enchantments": {}
      }
    }
  }
]