{
  "processors": [
    {
      "processor_type": "minecraft:rule",
      "rules": [
        {
          "location_predicate": {
            "predicate_type": "minecraft:always_true"
          },
          "input_predicate": {
            "predicate_type": "minecraft:random_block_match",
            "block": "minecraft:barrel",
            "probability": 0.5
          },
          "output_state": {
            "Name": "minecraft:air"
          }
        }
      ]
    },
    {
      "processor_type": "minecraft:rule",
      "rules": [
        {
          "location_predicate": {
            "predicate_type": "minecraft:always_true"
          },
          "input_predicate": {
            "predicate_type": "minecraft:random_block_match",
            "block": "minecraft:blast_furnace",
            "probability": 0.5
          },
          "output_state": {
            "Name": "minecraft:dark_oak_slab",
            "Properties": {
              "type": "top"
            }
          }
        }
      ]
    }
  ]
}
