{
  "fallback": "minecraft:empty",
  "elements": [
    {
      "weight": 1,
      "element": {
        "element_type": "minecraft:single_pool_element",
        "projection": "rigid",
        "location": "deeper_dark:laboratory/decoration_1",
        "processors": "deeper_dark:laboratory"
      }
    },
    {
      "weight": 1,
      "element": {
        "element_type": "minecraft:single_pool_element",
        "projection": "rigid",
        "location": "deeper_dark:laboratory/decoration_2",
        "processors": "deeper_dark:laboratory"
      }
    },
    {
      "weight": 1,
      "element": {
        "element_type": "minecraft:single_pool_element",
        "projection": "rigid",
        "location": "deeper_dark:laboratory/decoration_3",
        "processors": "deeper_dark:laboratory"
      }
    },
    {
      "weight": 1,
      "element": {
        "element_type": "minecraft:single_pool_element",
        "projection": "rigid",
        "location": "deeper_dark:laboratory/decoration_4",
        "processors": "deeper_dark:laboratory"
      }
    },
    {
      "weight": 1,
      "element": {
        "element_type": "minecraft:single_pool_element",
        "projection": "rigid",
        "location": "deeper_dark:laboratory/decoration_5",
        "processors": "deeper_dark:laboratory"
      }
    }
  ]
}
