{
  "type": "minecraft:chest",
  "pools": [
    {
      "rolls": {
        "type": "minecraft:constant",
        "value": 1
      },
      "entries": [
        {
          "type": "minecraft:loot_table",
          "value": "deeper_dark:items/locator_laboratory",
          "weight": 1
        },
        {
          "type": "minecraft:empty",
          "weight": 99
        }
      ],
      "functions": [],
      "conditions": [
        {
          "condition": "minecraft:location_check",
          "predicate": {
            "position": {
              "y": {
                "max": 0
              }
            }
          }
        }
      ]
    },
    {
      "rolls": {
        "min": 0,
        "max": 15
      },
      "bonus_rolls": 1,
      "entries": [
        {
          "type": "minecraft:item",
          "weight": 1,
          "quality": 6,
          "name": "minecraft:emerald",
          "functions": [
            {
              "function": "minecraft:set_count",
              "count": {
                "min": 1,
                "max": 2
              }
            }
          ]
        },
        {
          "type": "minecraft:item",
          "weight": 2,
          "quality": 5,
          "name": "minecraft:diamond",
          "functions": [
            {
              "function": "minecraft:set_count",
              "count": {
                "min": 1,
                "max": 8
              }
            }
          ]
        },
        {
          "type": "minecraft:item",
          "weight": 3,
          "quality": 4,
          "name": "minecraft:lapis_lazuli",
          "functions": [
            {
              "function": "minecraft:set_count",
              "count": {
                "min": 4,
                "max": 64
              }
            }
          ]
        },
        {
          "type": "minecraft:item",
          "weight": 3,
          "quality": 4,
          "name": "minecraft:redstone",
          "functions": [
            {
              "function": "minecraft:set_count",
              "count": {
                "min": 4,
                "max": 64
              }
            }
          ]
        },
        {
          "type": "minecraft:item",
          "weight": 4,
          "quality": 3,
          "name": "minecraft:gold_ingot",
          "functions": [
            {
              "function": "minecraft:set_count",
              "count": {
                "min": 1,
                "max": 8
              }
            }
          ]
        },
        {
          "type": "minecraft:item",
          "weight": 4,
          "quality": 3,
          "name": "minecraft:raw_gold",
          "functions": [
            {
              "function": "minecraft:set_count",
              "count": {
                "min": 1,
                "max": 16
              }
            }
          ]
        },
        {
          "type": "minecraft:item",
          "weight": 5,
          "quality": 1,
          "name": "minecraft:amethyst_shard",
          "functions": [
            {
              "function": "minecraft:set_count",
              "count": {
                "min": 1,
                "max": 64
              }
            }
          ]
        },
        {
          "type": "minecraft:item",
          "weight": 5,
          "quality": 2,
          "name": "minecraft:iron_ingot",
          "functions": [
            {
              "function": "minecraft:set_count",
              "count": {
                "min": 1,
                "max": 8
              }
            }
          ]
        },
        {
          "type": "minecraft:item",
          "weight": 5,
          "quality": 2,
          "name": "minecraft:raw_iron",
          "functions": [
            {
              "function": "minecraft:set_count",
              "count": {
                "min": 1,
                "max": 16
              }
            }
          ]
        },
        {
          "type": "minecraft:item",
          "weight": 6,
          "quality": 1,
          "name": "minecraft:copper_ingot",
          "functions": [
            {
              "function": "minecraft:set_count",
              "count": {
                "min": 1,
                "max": 32
              }
            }
          ]
        },
        {
          "type": "minecraft:item",
          "weight": 6,
          "quality": 1,
          "name": "minecraft:raw_copper",
          "functions": [
            {
              "function": "minecraft:set_count",
              "count": {
                "min": 1,
                "max": 64
              }
            }
          ]
        },
        {
          "type": "minecraft:item",
          "weight": 6,
          "quality": 1,
          "name": "minecraft:coal",
          "functions": [
            {
              "function": "minecraft:set_count",
              "count": {
                "min": 1,
                "max": 64
              }
            }
          ]
        }
      ]
    },
    {
      "rolls": 20,
      "entries": [
        {
          "type": "minecraft:item",
          "weight": 50,
          "name": "minecraft:cobbled_deepslate",
          "functions": [
            {
              "function": "minecraft:set_count",
              "count": {
                "min": 0,
                "max": 64
              }
            }
          ]
        },
        {
          "type": "minecraft:item",
          "weight": 10,
          "name": "minecraft:amethyst_block",
          "functions": [
            {
              "function": "minecraft:set_count",
              "count": {
                "min": 1,
                "max": 32
              }
            }
          ]
        },
        {
          "type": "minecraft:item",
          "weight": 10,
          "name": "minecraft:calcite",
          "functions": [
            {
              "function": "minecraft:set_count",
              "count": {
                "min": 1,
                "max": 32
              }
            }
          ]
        },
        {
          "type": "minecraft:item",
          "weight": 10,
          "name": "minecraft:smooth_basalt",
          "functions": [
            {
              "function": "minecraft:set_count",
              "count": {
                "min": 1,
                "max": 32
              }
            }
          ]
        },
        {
          "type": "minecraft:item",
          "name": "minecraft:bone_block",
          "functions": [
            {
              "function": "minecraft:set_count",
              "count": {
                "min": 0,
                "max": 10
              }
            }
          ]
        }
      ]
    }
  ]
}