{
  "type": "minecraft:jigsaw",
  "biomes": "deeper_dark:deeper_dark",
  "step": "underground_decoration",
  "spawn_overrides": {},
  "terrain_adaptation": "beard_box",
  "start_pool": "deeper_dark:ancient_village/center",
  "size": 7,
  "start_height": {
    "type": "minecraft:uniform",
    "min_inclusive": {
      "above_bottom": 20
    },
    "max_inclusive": {
      "below_top": 20
    }
  },
  "start_jigsaw_name": "minecraft:anchor",
  "max_distance_from_center": 60,
  "use_expansion_hack": true
}