{
  "type": "minecraft:jigsaw",
  "biomes": "deeper_dark:deeper_dark",
  "step": "underground_structures",
  "spawn_overrides": {
    "ambient": {
      "bounding_box": "full",
      "spawns": []
    },
    "axolotls": {
      "bounding_box": "full",
      "spawns": []
    },
    "creature": {
      "bounding_box": "full",
      "spawns": []
    },
    "misc": {
      "bounding_box": "full",
      "spawns": []
    },
    "monster": {
      "bounding_box": "full",
      "spawns": []
    },
    "underground_water_creature": {
      "bounding_box": "full",
      "spawns": []
    },
    "water_ambient": {
      "bounding_box": "full",
      "spawns": []
    },
    "water_creature": {
      "bounding_box": "full",
      "spawns": []
    }
  },
  "start_pool": "deeper_dark:sculk_trap",
  "size": 7,
  "start_height": {
    "type": "minecraft:uniform",
    "min_inclusive": {
      "above_bottom": 20
    },
    "max_inclusive": {
      "below_top": 20
    }
  },
  "start_jigsaw_name": "minecraft:start",
  "max_distance_from_center": 116,
  "use_expansion_hack": false
}
